,Tweets,User,User_statuses_count,user_followers,User_location,User_verified,fav_count,rt_count,tweet_date
0,RT @steve_hanke: #Muslim neighborhoods in #Delhi have been razed to the ground. Who‚Äôs to blame? The usual suspects: #Modi‚Äôs #Hindutva mobs‚Ä¶,Nevbahar,18468,188,"Nordrhein-Westfalen, Deutschland",False,0,689,2020-03-05 16:08:14
1,RT @bainjal: 53 people have died. Zero accountability from Shah. Zero outreach from Modi &amp; Shah.,Joy Paul Puthussery,26758,611,Thrissur,False,0,394,2020-03-05 16:08:13
2,"RT @SwamiGeetika: While Ravish Kumar tried Creating panic and stoking fire in the name of CAA NRC, it's PM Modi who himself exposed the hyp‚Ä¶",Hitesh Singh Tomar,5526,39,,False,0,576,2020-03-05 16:08:12
3,"RT @Aakar__Patel: EU MEPs, US State Dept, US Congress, Warren, Bernie, House Foreign Affairs Committee, OIC, UK both Houses, USCIRF, UN Sec‚Ä¶",Shaista ‚è≥ ‚Äè,153565,1507,,False,0,57,2020-03-05 16:08:12
4,RT @YESBANK: .@RanaKapoor_ on #DeMonetisation: Modi delivers a master stroke. Read more: https://t.co/grVduPrJrP https://t.co/3Xd3y956iR,SLOTH,2854,436,Aukaad ke bhar,False,0,154,2020-03-05 16:08:12
5,RT @bainjal: The suspension of seven congress MP‚Äôs from Parliament is just an extension of the Gujarat model which Modi followed as CM. Mod‚Ä¶,ùñíùñùùñÜùñâùñéùñëüá¨üáß,4655,176,"England, United Kingdom",False,0,601,2020-03-05 16:08:11
6,"RT @CAChirag: Yes Bank - No withdrawals above Rs 50,000 &amp; in case of medical emergency, etc limit is 5 Lakhs till 3 April. RBI has supersed‚Ä¶",Bharat Modi,10784,206,‡§≠‡§æ‡§∞‡§§,False,0,14,2020-03-05 16:08:11
7,"RT @SwamiGeetika: While Ravish Kumar tried Creating panic and stoking fire in the name of CAA NRC, it's PM Modi who himself exposed the hyp‚Ä¶",Vinay MishraüáÆüá≥,99020,1422,India,False,0,576,2020-03-05 16:08:11
8,"RT @rightofcentre52: Modi govt should not only release but it should also make sure that NC and PDP form an alliance and win elections.
Mod‚Ä¶",Vishal Kadam,68433,643,,False,0,11,2020-03-05 16:08:10
9,RT @steve_hanke: #Muslim neighborhoods in #Delhi have been razed to the ground. Who‚Äôs to blame? The usual suspects: #Modi‚Äôs #Hindutva mobs‚Ä¶,Vet Dr Usama,9796,1085,Pakistan,False,0,689,2020-03-05 16:08:07
10,"RT @geetv79: Nirav Modi to Remain in Jail after UK Court Rejects His Bail Plea for The Fifth Time.
Chowkidar lets #ChotaModi loot &amp; scoot,‚Ä¶",Kameel Nakeeb,168,3,,False,0,26,2020-03-05 16:08:07
11,"RT @INCIndia: Modi ji you may think silence is golden, but when our country is facing such dire issues, your silence is criminal. https://t‚Ä¶",Aryan Srivastava,7504,208,‡§≠‡§æ‡§∞‡§§,False,0,1526,2020-03-05 16:08:06
12,"RT @ashoswai: Modi's ""Police remained deaf to cries for help, encouraged rioters and even participated"" - Belgian newspaper 'Het Nieuwsblad‚Ä¶",üáµüá∞TRUE PAKISTANIüáµüá∞,35496,3395,Espa√±a,False,0,170,2020-03-05 16:08:06
13,@JhaSanjay I don't think so.Rahul will keep campaigning for Modi even in 2024. He is hardcore bjp supporter.,aaloo kachaloo,15638,120,India,False,0,0,2020-03-05 16:08:06
14,RT @PatelDrprashant: @drharshvardhan @ACCINDIA @MSJEGOI @PMOIndia @BJP4India @narendramodi @JPNadda @BJP4Delhi @AmitShah @TCGEHLOT MCI wake‚Ä¶,Abhishek Pancholi,424,10,,False,0,18,2020-03-05 16:08:06
15,RT @bainjal: 53 people have died. Zero accountability from Shah. Zero outreach from Modi &amp; Shah.,sameer shah,2506,118,New Delhi India,False,0,394,2020-03-05 16:08:05
16,"RT @RealHistoryPic: ""Modinomics is now becoming Modi-Momentum"". (2015) https://t.co/ScZnTBVKwd",#riseaboveall,30852,115,,False,0,32,2020-03-05 16:08:03
17,"RT @INCIndia: Modi ji you may think silence is golden, but when our country is facing such dire issues, your silence is criminal. https://t‚Ä¶",Hajra Ahmad Ansari,2115,637,,False,0,1526,2020-03-05 16:08:03
18,"RT @ASg1956: PM Modi's Silence On

1.#DelhiRiots 

2.#ViolenceAgainstStudents

3.#WomenSafety

4.#EconomicSlowdown 

5. #CoronaVirus
 
Itse‚Ä¶",NK Gupta,24519,260,,False,0,12,2020-03-05 16:08:03
19,RT @bainjal: 53 people have died. Zero accountability from Shah. Zero outreach from Modi &amp; Shah.,Guruji,299673,5802,Earth ,False,0,394,2020-03-05 16:08:01
20,"RT @KiranKS: 1) If you are pessimistic of PM @narendramodi's call for a $5 Trillion economy, relax. 

It is not ""will it"", it is ""when"". At‚Ä¶",vinod bisht,106572,447,,False,0,26,2020-03-05 16:08:01
21,RT @HAAQ786: RALLY against Modi &amp; BJP Government in London UK. Whole world is now against Modi &amp; BJP Government. they will never share this‚Ä¶,Fawad,11021,70,,False,0,52,2020-03-05 16:08:00
22,"RT @SwamiGeetika: While Ravish Kumar tried Creating panic and stoking fire in the name of CAA NRC, it's PM Modi who himself exposed the hyp‚Ä¶",Deepanshu,564,10,Bharat,False,0,576,2020-03-05 16:08:00
23,"RT @IAMCouncil: Indian culture may be ancient, but its unity is rare and recent. A growing hostility to Muslims threatens to upend the worl‚Ä¶",No Na Ned,24921,273,,False,0,2,2020-03-05 16:07:59
24,The biggest cheer in the stadium came when Trump said the US and India were united in accepting the need to ‚Äúdefend ourselves from the threat of radical Islamic terrorism‚Äù. https://t.co/9aQiAEmU3b,CounterPunch,17418,67594,PDX,True,3,3,2020-03-05 16:07:59
25,".@Students_A_H organized demonstrations at campuses across the country today to protest state violence against Muslims in India. The group's founder, @shreesters, wrote about #AHoliAgainstHindutva for @TeenVogue https://t.co/Gn2RPS1TzR https://t.co/6WEJpCBvRf",Allegra Kirkland,5707,11863,New York,True,1,0,2020-03-05 16:07:58
26,"RT @balbirpunj: How Jehadies tasted blood :
Wanted Islamic state &amp; got one.

Didn‚Äôt like Shah Bano verdict, got it overturned.

Didn‚Äôt like‚Ä¶",Shubham,620,8,,False,0,1823,2020-03-05 16:07:57
27,RT @dna: PM Modi's visit to Brussels for India-EU summit deferred over coronavirus outbreak https://t.co/BBvdaBj3Jm,Shubhaan N üáÆüá≥,24920,106,"New Delhi, India",False,0,2,2020-03-05 16:07:57
28,"RT @IYC: Under Narendra Modi's government, India's international reputation has taken the worst hit. This is the proof. https://t.co/mjAffw‚Ä¶",Suby Britto,11778,103,"Kerala, India",False,0,31,2020-03-05 16:07:55
29,RT @bainjal: 53 people have died. Zero accountability from Shah. Zero outreach from Modi &amp; Shah. https://t.co/5MmR4jltnF,#X1ROTY,32905,334,,False,0,394,2020-03-05 16:07:52
30,"RT @pbhushan1: After Bar Assn of India &amp; SCBA, the Bombay bar on Arun Mishra: ""This Assn deprecates the conduct of a sitting judge of the S‚Ä¶",Stephen George,29326,68,,False,0,282,2020-03-05 16:07:51
31,"RT @hiambuj: If this is the situation of Yes Bank, how is the Bank principle sponsor of Global Business Summit, that starts tomorrow, with‚Ä¶",sameer shah,2506,118,New Delhi India,False,0,7,2020-03-05 16:07:49
32,"RT @GauravGogoiAsm: Suspend me, but please discuss Delhi riots tomorrow. Show your accountability towards the very people who voted for you‚Ä¶",deependra singh,23131,119,"Indore, India",False,0,1484,2020-03-05 16:07:49
33,"RT @GauravGogoiAsm: Suspend me, but please discuss Delhi riots tomorrow. Show your accountability towards the very people who voted for you‚Ä¶",alok kumar,10150,88,"Patna, India",False,0,1484,2020-03-05 16:07:48
34,RT @TonySahajlain: This video of #DelhiViolence exposes @CNN. Psuedo journalist @RanaAyyub with @FareedZakaria on #FakeNewsCNN accused PM M‚Ä¶,Manish Swami,4212,922,India,False,0,2307,2020-03-05 16:07:48
35,"RT @rightofcentre52: Modi govt should not only release but it should also make sure that NC and PDP form an alliance and win elections.
Mod‚Ä¶",Reetika Sharma,2343,88,"Jammu, Jammu And Kashmir",False,0,11,2020-03-05 16:07:45
36,"RT @balbirpunj: How Jehadies tasted blood :
Wanted Islamic state &amp; got one.

Didn‚Äôt like Shah Bano verdict, got it overturned.

Didn‚Äôt like‚Ä¶",Ajs,43006,44,,False,0,1823,2020-03-05 16:07:45
37,RT @Ashok33100053: #‡§ó‡•ç‡§∞‡§æ‡§Æ‡•Ä‡§£‡§°‡§æ‡§ï‡§∏‡•á‡§µ‡§ï @IndiaPostOffice @IPPBOnline Rural postal employees condition is much worse here than non-muslim ppl liv‚Ä¶,Ashok,452,32,"Lucknow, India",False,0,26,2020-03-05 16:07:44
38,"RT @GauravGogoiAsm: Suspend me, but please discuss Delhi riots tomorrow. Show your accountability towards the very people who voted for you‚Ä¶",Praveen kumar,6928,125,"‡§®‡§à ‡§¶‡§ø‡§≤‡•ç‡§≤‡•Ä, ‡§≠‡§æ‡§∞‡§§",False,0,1484,2020-03-05 16:09:10
39,RT @bainjal: I hope that the Modi government will now release three former CM‚Äôs @OmarAbdullah @MehboobaMufti &amp; Farooq Abdullah. They have b‚Ä¶,Dr.Sumaiya Muneer,3125,32,"Greater Noida, India",False,0,344,2020-03-05 16:09:10
40,"Rising hate &amp; intolerance in India against the minorities. 

Religious intolerance of other faiths in India is at its peak &amp; ‚Å¶@realDonaldTrump‚Å© is so clueless that he was recently praising Modi #ThursdayThoughts

Jesus statue &amp; 14 crosses demolished https://t.co/Yoq84u4dkn",Ali Mohammed,24542,197,USA,False,0,0,2020-03-05 16:09:09
41,"RT @GauravGogoiAsm: Suspend me, but please discuss Delhi riots tomorrow. Show your accountability towards the very people who voted for you‚Ä¶",Soum,428,7,,False,0,1484,2020-03-05 16:09:09
42,RT @bainjal: The suspension of seven congress MP‚Äôs from Parliament is just an extension of the Gujarat model which Modi followed as CM. Mod‚Ä¶,Being Human,320,8,,False,0,601,2020-03-05 16:09:09
43,"@khamenei_ir @Praecursator007 Modi is himself from an extremists group RSS lik of ISIS, RSS has sponsored all the riots and kiling of muslims throughout the history, now Modi from RSS is himself in power so it has became the real example of state backed violence. Modi is forcing Indian muslims into extremism",Wahidur Siddique,175,3,"England, United Kingdom",False,1,0,2020-03-05 16:09:08
44,"RT @SwamiGeetika: While Ravish Kumar tried Creating panic and stoking fire in the name of CAA NRC, it's PM Modi who himself exposed the hyp‚Ä¶",Brijesh Kumar Rai,2225,37,,False,0,576,2020-03-05 16:09:03
45,"RT @GauravGogoiAsm: Suspend me, but please discuss Delhi riots tomorrow. Show your accountability towards the very people who voted for you‚Ä¶",Raza,2544,22,,False,0,1484,2020-03-05 16:09:03
46,RT @Voice_For_India: Heart-breaking what these LAIRS from UK are saying about Hindus. Saying Hindus are waging war on the Muslims &amp; being s‚Ä¶,Sunana Batra,15482,545,"Encinitas, California",False,0,3950,2020-03-05 16:09:03
47,RT @vasumunish: @narendramodi hope you have taken a note that pujaris or priests of Mandir are getting just Rs 500 pm where as believers ar‚Ä¶,Rajeev,158780,882,India,False,0,1,2020-03-05 16:09:02
48,"RT @INCIndia: Modi ji you may think silence is golden, but when our country is facing such dire issues, your silence is criminal. https://t‚Ä¶",Usman Malkani,649,1,"Mumbai, India",False,0,1526,2020-03-05 16:09:01
49,"RT @RealHistoryPic: ""Modinomics is now becoming Modi-Momentum"". (2015) https://t.co/ScZnTBVKwd",vikrant,53475,256,comfort zone,False,0,32,2020-03-05 16:09:01
50,"RT @SwamiGeetika: While Ravish Kumar tried Creating panic and stoking fire in the name of CAA NRC, it's PM Modi who himself exposed the hyp‚Ä¶",dipesh bidiwala,6762,141,"Chigwell, East",False,0,576,2020-03-05 16:09:01
51,"RT @SwamiGeetika: While Ravish Kumar tried Creating panic and stoking fire in the name of CAA NRC, it's PM Modi who himself exposed the hyp‚Ä¶",Keshav M Rao,68227,712,"Mangaluru, Bengaluru, India",False,0,576,2020-03-05 16:09:01
52,"RT @INCIndia: Modi ji you may think silence is golden, but when our country is facing such dire issues, your silence is criminal. https://t‚Ä¶",Gopal s,6036,32,,False,0,1526,2020-03-05 16:09:00
53,RT @bainjal: 53 people have died. Zero accountability from Shah. Zero outreach from Modi &amp; Shah.,ÿßŸÑ€åÿßÿ≥ ÿÆÿßŸÜ,21023,105,Bangalore/Bengaluru,False,0,394,2020-03-05 16:09:00
54,RT @bainjal: 53 people have died. Zero accountability from Shah. Zero outreach from Modi &amp; Shah.,wahid khan,29845,67,"New Delhi, Bangalore India",False,0,394,2020-03-05 16:08:59
55,"RT @SwamiGeetika: While Ravish Kumar tried Creating panic and stoking fire in the name of CAA NRC, it's PM Modi who himself exposed the hyp‚Ä¶",mukta,97613,435,,False,0,576,2020-03-05 16:08:59
56,"RT @INCIndia: Modi ji you may think silence is golden, but when our country is facing such dire issues, your silence is criminal. https://t‚Ä¶",Indian Gowda,5812,73,"Manhattan, NY",False,0,1526,2020-03-05 16:08:57
57,"RT @pbhushan1: After Bar Assn of India &amp; SCBA, the Bombay bar on Arun Mishra: ""This Assn deprecates the conduct of a sitting judge of the S‚Ä¶",Ansari Afzaal Ahmad,14301,116,,False,0,282,2020-03-05 16:08:54
58,RT @bainjal: The suspension of seven congress MP‚Äôs from Parliament is just an extension of the Gujarat model which Modi followed as CM. Mod‚Ä¶,Stephen George,29326,68,,False,0,601,2020-03-05 16:08:54
59,RT @ashoswai: UN High Commissioner for Human Rights move on Citizenship Amendment Act has rattled the Modi regime!  https://t.co/cdyBfCNZIy,Ayub Ansari,1496,29,San Fransisco,False,0,906,2020-03-05 16:08:52
60,"RT @t_d_h_nair: CAA is an internal matter. No foreign party has any locus standi ‚Äî MEA

CAA files are related to policy on grant of citizen‚Ä¶",Sanjeev K Bhardwaj,3329,194,"New Delhi, India",False,0,820,2020-03-05 16:08:52
61,RT @YESBANK: .@RanaKapoor_ on #DeMonetisation: Modi delivers a master stroke. Read more: https://t.co/grVduPrJrP https://t.co/3Xd3y956iR,abm,2402,6,,False,0,154,2020-03-05 16:08:52
62,RT @RMCpost: If I switch on the fan.. even at 1.. it feels slightly chilly... If I switch it off.. It feels slightly warm.. Whats the use o‚Ä¶,Broad WitüáÆüá≥,159834,1373,Cyberia,False,0,38,2020-03-05 16:08:51
63,RT @bainjal: The suspension of seven congress MP‚Äôs from Parliament is just an extension of the Gujarat model which Modi followed as CM. Mod‚Ä¶,RENNY JOSEPH,15707,63,,False,0,601,2020-03-05 16:08:50
64,"RT @SwamiGeetika: While Ravish Kumar tried Creating panic and stoking fire in the name of CAA NRC, it's PM Modi who himself exposed the hyp‚Ä¶",Prashant Shukla,120,7,,False,0,576,2020-03-05 16:08:49
65,RT @bainjal: The suspension of seven congress MP‚Äôs from Parliament is just an extension of the Gujarat model which Modi followed as CM. Mod‚Ä¶,SARCASTICALLY CORRECT,12872,35,"Ujjain, India",False,0,601,2020-03-05 16:08:48
66,PM Modi‚Äôs visit to Brussels deferred as India-EU Summit rescheduled in view of Coronavirus outbreak https://t.co/hPFJHMBlad,apnnews,40346,435,India,False,0,0,2020-03-05 16:08:48
67,"RT @SwamiGeetika: While Ravish Kumar tried Creating panic and stoking fire in the name of CAA NRC, it's PM Modi who himself exposed the hyp‚Ä¶",‡§™‡§Ç‡§°‡§ø‡§§ ‡§µ‡§ø‡§ï‡•ç‡§∞‡§æ‡§®‡•ç‡§§ ‡§∂‡•Å‡§ï‡•ç‡§≤‡§æ ‡§≠‡§æ‡§ú‡§™‡§æüáÆüá≥,26468,1593,‡§≠‡§æ‡§∞‡§§,False,0,576,2020-03-05 16:08:47
68,RT @cardiology08: Nations wants to know what MCI wants ? MCI against PM modi‚Äôs dream #AyushmanBharat #SavePGDCC Wake up MCI https://t.co/Uf‚Ä¶,Abhishek Pancholi,424,10,,False,0,40,2020-03-05 16:08:47
69,"RT @d4deelip1982: Ravish Kumar, who earns his bread and butter by abusing PM Modi and Hindus #RubbishKumar",vir,384,37,,False,0,2,2020-03-05 16:08:46
70,"RT @INCIndia: Modi ji you may think silence is golden, but when our country is facing such dire issues, your silence is criminal. https://t‚Ä¶",Anmol,244,93,,False,0,1526,2020-03-05 16:08:46
71,RT @RMCpost: If I switch on the fan.. even at 1.. it feels slightly chilly... If I switch it off.. It feels slightly warm.. Whats the use o‚Ä¶,gab.ai\Kramerkumar,18094,25,,False,0,38,2020-03-05 16:08:46
72,"RT @AWjamalfc: A Hindu priest exposed the murderer Modi and taught him a good lesson.
Watch this video 
#IndianMuslimsInDanger
#Voice_of_Mu‚Ä¶",Humaira Hussain,9246,754,,False,0,17,2020-03-05 16:08:44
73,"RT @SwamiGeetika: While Ravish Kumar tried Creating panic and stoking fire in the name of CAA NRC, it's PM Modi who himself exposed the hyp‚Ä¶",Pradeep,53642,337,,False,0,576,2020-03-05 16:08:44
74,"RT @Aakar__Patel: Modi internationalised Kashmir with 370 move and internationalised India‚Äôs bigotry against its Muslims through CAA. 
Narr‚Ä¶",Hindustani,18374,44,,False,0,9,2020-03-05 16:08:43
75,"RT @IYC: Under Narendra Modi's government, India's international reputation has taken the worst hit. This is the proof. https://t.co/mjAffw‚Ä¶",Sanam Abbas,2175,15,,False,0,31,2020-03-05 16:08:42
76,"RT @SwamiGeetika: While Ravish Kumar tried Creating panic and stoking fire in the name of CAA NRC, it's PM Modi who himself exposed the hyp‚Ä¶",dhananjay kumar ojha,1334,68,,False,0,576,2020-03-05 16:08:39
77,"RT @RealHistoryPic: ""Modinomics is now becoming Modi-Momentum"". (2015) https://t.co/ScZnTBVKwd",Aye Himan‡§∏‡•Ç ¬Æ,25817,2835,Rajysabha TV,False,0,32,2020-03-05 16:08:39
78,"@intellectroll Wretchedly self centered &amp; selfish take. The ratio of Khamanei‚Äôs dead victims to Modi‚Äôs dead victims is 10,000 to 1.",Ali Husain,20858,205,,False,0,0,2020-03-05 16:08:38
79,RT @rahulpandita: Total failure of police leadership. If you cannot open fire when your DCP almost died and ACP‚Äôs helmet broke into two wit‚Ä¶,Rudra,27579,266,India,False,0,1310,2020-03-05 16:08:38
80,RT @steve_hanke: #Muslim neighborhoods in #Delhi have been razed to the ground. Who‚Äôs to blame? The usual suspects: #Modi‚Äôs #Hindutva mobs‚Ä¶,rully,5684,246,,False,0,689,2020-03-05 16:08:38
81,"RT @Aakar__Patel: Harsh Mander being summoned by CJI  tomorrow to justify why he has no faith in SC is a good thing. 
Hope he uses opportun‚Ä¶",Rahul Chandok,1182,39,Bombay,False,0,452,2020-03-05 16:08:37
82,"RT @SwamiGeetika: While Ravish Kumar tried Creating panic and stoking fire in the name of CAA NRC, it's PM Modi who himself exposed the hyp‚Ä¶",Jaswant Singh IndaüáÆüá≥,660,14,"Jodhpur, India",False,0,576,2020-03-05 16:08:37
83,"RT @balbirpunj: How Jehadies tasted blood :
Wanted Islamic state &amp; got one.

Didn‚Äôt like Shah Bano verdict, got it overturned.

Didn‚Äôt like‚Ä¶",Hareesh Kumar,4574,96,"Mumbai, India",False,0,1823,2020-03-05 16:08:34
84,What modi has done to him https://t.co/jBeMkwZQO2,Bhavesh,924,593,All across the globe ,False,1,0,2020-03-05 16:08:34
85,RT @rkhuria: #HarshMander What kind of System have Modi-Shah created that each CJI is more submissive than the previous. Mishra - Corruptio‚Ä¶,SHAHIN,23186,612,New Delhi ,False,0,22,2020-03-05 16:08:33
86,RT @Voice_For_India: Heart-breaking what these LAIRS from UK are saying about Hindus. Saying Hindus are waging war on the Muslims &amp; being s‚Ä¶,Rinku Rajput,10984,899,,False,0,3950,2020-03-05 16:08:33
87,RT @vikrameffects: This is vikas of Modi govt. Now all #YesBank customers are also  in trouble. Another #PMCBank in the making. Modi govt h‚Ä¶,Vinay Gupta,1775,206,india,False,0,1,2020-03-05 16:08:31
88,@ShekharGupta The matter is not whether Iran is a role model or not. The matter is to come out of denial and accept that Modi Government's approach is fundamentally flawed. Earlier you accept this fact the better it is. There is a real problem @ShekharGupta.,DR ABID HUSSAIN,4503,394,wherever there is injustice.,False,0,0,2020-03-05 16:08:29
89,RT @ashoswai: UN High Commissioner for Human Rights move on Citizenship Amendment Act has rattled the Modi regime!  https://t.co/cdyBfCNZIy,SYED ALI ABBAS GILLANI,61582,763,"LAHORE, PAKISTAN",False,0,906,2020-03-05 16:08:28
90,"RT @pbhushan1: After Bar Assn of India &amp; SCBA, the Bombay bar on Arun Mishra: ""This Assn deprecates the conduct of a sitting judge of the S‚Ä¶",SRINIVASAN RANGANATH,126808,392,"Chennai,Tamilnadu",False,0,282,2020-03-05 16:08:23
91,"RT @SkJain53577365: @ndtv ONE MORE BANK IS FORWARDING TOWARDS PMC WAY. 
ITS THE ACHIEVEMENTS OF THE MODI GOVT.",Vinay Gupta,1775,206,india,False,0,1,2020-03-05 16:08:19
92,"RT @AWjamalfc: A Hindu priest exposed the murderer Modi and taught him a good lesson.
Watch this video 
#IndianMuslimsInDanger
#Voice_of_Mu‚Ä¶",Sharazg,5435,1180,"Sialkot, Pakistan",False,0,17,2020-03-05 16:08:18
93,"@Shhhh83205871 @ashoswai @INCIndia 1. Name one Pogrom which was carried out without Guns ?

2. Had that been the case @POTUS would have said something in his press briefing. Either Modi is so strong that he can mend Trump as per his will or it wasn't a pogrom.

3. I dont want it to happen in first place.",hodor 2.0,1420,17,,False,0,0,2020-03-05 16:08:16
94,"RT @INCIndia: Modi ji you may think silence is golden, but when our country is facing such dire issues, your silence is criminal. https://t‚Ä¶",Ralph Rejects CAA&NRC,61828,827,Canada/Indian,False,0,1526,2020-03-05 16:08:16
95,"RT @balbirpunj: How Jehadies tasted blood :
Wanted Islamic state &amp; got one.

Didn‚Äôt like Shah Bano verdict, got it overturned.

Didn‚Äôt like‚Ä¶",Anil Kumar Tripathi,8392,84,,False,0,1823,2020-03-05 16:08:16
96,"RT @ashoswai: In India, 
U can‚Äôt criticize President because he is Modi‚Äôs stooge,
U can‚Äôt criticize PM because he is Modi,
U can‚Äôt criticiz‚Ä¶",Mohammad Ansar ŸÖÿ≠ŸÖÿØ ÿßŸÜÿµÿßÿ±,4369,123,"Bengaluru, India",False,0,5925,2020-03-05 16:08:15
97,"RT @RealHistoryPic: ""Modinomics is now becoming Modi-Momentum"". (2015) https://t.co/ScZnTBVKwd",eco No mystry,10265,252,,False,0,32,2020-03-05 16:08:15
98,@ANI Modi ji you rock dude! What a achievement for Indians banks. Mitroonnnnn nachoo,designergoodies,153,4,United States,False,0,0,2020-03-05 16:08:15
99,RT @ashoswai: Yesterday the Chief Political Analyst of world‚Äôs one of the largest multinationals told me they were very excited about Modi‚Ä¶,GAJEN CHOUDHARY üáÆüá≥,19511,302,New Delhi,False,0,186,2020-03-05 16:08:14
